{
  "Genel":{"toplam":100,"dogru":90,"yanlis":5,"bos":5},
  "GenelDetay":{
  "EA":[528.34, 1342, 29435],
  "SAY":[528.34, 1342, 29435],
  "SÖZ":[528.34, 1342, 29435],
  "TYT":[528.34, 1342, 29435]
  },
  "OzelDetay":{
  "T":[18, 4, 0,843,28423,0.00131],
  "M":[18, 1, 0,843,28423,0.00131],
  "S":[18, 3, 0,843,28423,0.00131],
  "F":[18, 7, 0,843,28423,0.00131],
  "T2":[18, 9, 0,843,28423,0.00131],
  "M2":[18, 2, 0,843,28423,0.00131],
  "S2":[18, 2, 0,843,28423,0.00131],
  "F2":[18, 2, 0,843,28423,0.00131]
  },
  "ExamIDs":{
  "T":"4352345",
  "M":"4534534",
  "S":"3453453",
  "F":"3235222",
  "T2":"6565634",
  "M2":"4564335",
  "S2":"5453452",
  "F2":"6868672"
  }
}